{"cameraMode":{"drawMode":0,"name":"Shaded","section":"Shading Mode"},"sceneLighting":false,"audioPlay":false,"sceneViewState":{"showFog":true,"showMaterialUpdate":false,"showSkybox":true,"showFlares":true,"showImageEffects":true,"showParticleSystems":true},"in2DMode":false,"pivot":{"x":1.125518798828125,"y":3.4207763671875,"z":1.19921875},"rotation":{"x":0.049479659646749499,"y":0.0032923338003456594,"z":-0.00016320949362125248,"w":0.998774528503418},"size":9.865551948547364,"orthographic":true}