{"cameraMode":{"drawMode":0,"name":"Shaded","section":"Shading Mode"},"sceneLighting":true,"audioPlay":false,"sceneViewState":{"showFog":true,"showMaterialUpdate":false,"showSkybox":true,"showFlares":true,"showImageEffects":true,"showParticleSystems":true},"in2DMode":false,"pivot":{"x":-2.5089125633239748,"y":-5.676998138427734,"z":23.771690368652345},"rotation":{"x":-0.11846837401390076,"y":-0.03216881304979324,"z":0.0038405247032642366,"w":-0.9924318194389343},"size":44.25174331665039,"orthographic":false}