{"cameraMode":{"drawMode":0,"name":"Shaded","section":"Shading Mode"},"sceneLighting":true,"audioPlay":false,"sceneViewState":{"showFog":true,"showMaterialUpdate":false,"showSkybox":true,"showFlares":true,"showImageEffects":true,"showParticleSystems":true},"in2DMode":false,"pivot":{"x":1.78955078125,"y":4.21142578125,"z":0.9033203125},"rotation":{"x":-0.07520437985658646,"y":0.030506668612360956,"z":-0.00230205524712801,"w":-0.9967113137245178},"size":7.199795246124268,"orthographic":true}