{"cameraMode":{"drawMode":0,"name":"Shaded","section":"Shading Mode"},"sceneLighting":true,"audioPlay":false,"sceneViewState":{"showFog":true,"showMaterialUpdate":false,"showSkybox":true,"showFlares":true,"showImageEffects":true,"showParticleSystems":true},"in2DMode":false,"pivot":{"x":0.05859375,"y":4.908203125,"z":1.435546875},"rotation":{"x":0.02099866233766079,"y":-0.005703757517039776,"z":0.00010291891521774232,"w":0.9997841715812683},"size":14.647687911987305,"orthographic":true}