{"cameraMode":{"drawMode":0,"name":"Shaded","section":"Shading Mode"},"sceneLighting":true,"audioPlay":false,"sceneViewState":{"showFog":true,"showMaterialUpdate":false,"showSkybox":true,"showFlares":true,"showImageEffects":true,"showParticleSystems":true},"in2DMode":false,"pivot":{"x":0.6103515625,"y":5.78564453125,"z":-3.064453125},"rotation":{"x":0.007496742531657219,"y":-0.055520541965961459,"z":0.0002576856641098857,"w":0.9985511302947998},"size":16.243825912475587,"orthographic":true}