{"cameraMode":{"drawMode":0,"name":"Shaded","section":"Shading Mode"},"sceneLighting":true,"audioPlay":false,"sceneViewState":{"showFog":true,"showMaterialUpdate":false,"showSkybox":true,"showFlares":true,"showImageEffects":true,"showParticleSystems":true},"in2DMode":false,"pivot":{"x":-4.405245780944824,"y":-34.40025329589844,"z":12.28801155090332},"rotation":{"x":-0.5438866019248962,"y":0.11052883416414261,"z":-0.07254449278116226,"w":-0.8286838531494141},"size":55.64308166503906,"orthographic":false}